
<RENDERBATCH>

  <RENDERIMG RASNAME="C:\Projects\DRC_Dev\AvtS6LX9MicroBoard_SW201_LwIP_Apps_14_4_01\xps\SDK\SDK_Export\hw\imgs\proc_sys_reset_0.jpg" SVGNAME="C:\Projects\DRC_Dev\AvtS6LX9MicroBoard_SW201_LwIP_Apps_14_4_01\xps\SDK\SDK_Export\hw\imgs\proc_sys_reset_0.svg" TMPSVGFN="C:\Projects\DRC_Dev\AvtS6LX9MicroBoard_SW201_LwIP_Apps_14_4_01\xps\__xps\.dswkshop\proc_sys_reset_0.svg"/>

  <RENDERIMG RASNAME="C:\Projects\DRC_Dev\AvtS6LX9MicroBoard_SW201_LwIP_Apps_14_4_01\xps\SDK\SDK_Export\hw\imgs\microblaze_0_intc.jpg" SVGNAME="C:\Projects\DRC_Dev\AvtS6LX9MicroBoard_SW201_LwIP_Apps_14_4_01\xps\SDK\SDK_Export\hw\imgs\microblaze_0_intc.svg" TMPSVGFN="C:\Projects\DRC_Dev\AvtS6LX9MicroBoard_SW201_LwIP_Apps_14_4_01\xps\__xps\.dswkshop\microblaze_0_intc.svg"/>

  <RENDERIMG RASNAME="C:\Projects\DRC_Dev\AvtS6LX9MicroBoard_SW201_LwIP_Apps_14_4_01\xps\SDK\SDK_Export\hw\imgs\microblaze_0_ilmb.jpg" SVGNAME="C:\Projects\DRC_Dev\AvtS6LX9MicroBoard_SW201_LwIP_Apps_14_4_01\xps\SDK\SDK_Export\hw\imgs\microblaze_0_ilmb.svg" TMPSVGFN="C:\Projects\DRC_Dev\AvtS6LX9MicroBoard_SW201_LwIP_Apps_14_4_01\xps\__xps\.dswkshop\microblaze_0_ilmb.svg"/>

  <RENDERIMG RASNAME="C:\Projects\DRC_Dev\AvtS6LX9MicroBoard_SW201_LwIP_Apps_14_4_01\xps\SDK\SDK_Export\hw\imgs\microblaze_0_i_bram_ctrl.jpg" SVGNAME="C:\Projects\DRC_Dev\AvtS6LX9MicroBoard_SW201_LwIP_Apps_14_4_01\xps\SDK\SDK_Export\hw\imgs\microblaze_0_i_bram_ctrl.svg" TMPSVGFN="C:\Projects\DRC_Dev\AvtS6LX9MicroBoard_SW201_LwIP_Apps_14_4_01\xps\__xps\.dswkshop\microblaze_0_i_bram_ctrl.svg"/>

  <RENDERIMG RASNAME="C:\Projects\DRC_Dev\AvtS6LX9MicroBoard_SW201_LwIP_Apps_14_4_01\xps\SDK\SDK_Export\hw\imgs\microblaze_0_dlmb.jpg" SVGNAME="C:\Projects\DRC_Dev\AvtS6LX9MicroBoard_SW201_LwIP_Apps_14_4_01\xps\SDK\SDK_Export\hw\imgs\microblaze_0_dlmb.svg" TMPSVGFN="C:\Projects\DRC_Dev\AvtS6LX9MicroBoard_SW201_LwIP_Apps_14_4_01\xps\__xps\.dswkshop\microblaze_0_dlmb.svg"/>

  <RENDERIMG RASNAME="C:\Projects\DRC_Dev\AvtS6LX9MicroBoard_SW201_LwIP_Apps_14_4_01\xps\SDK\SDK_Export\hw\imgs\microblaze_0_d_bram_ctrl.jpg" SVGNAME="C:\Projects\DRC_Dev\AvtS6LX9MicroBoard_SW201_LwIP_Apps_14_4_01\xps\SDK\SDK_Export\hw\imgs\microblaze_0_d_bram_ctrl.svg" TMPSVGFN="C:\Projects\DRC_Dev\AvtS6LX9MicroBoard_SW201_LwIP_Apps_14_4_01\xps\__xps\.dswkshop\microblaze_0_d_bram_ctrl.svg"/>

  <RENDERIMG RASNAME="C:\Projects\DRC_Dev\AvtS6LX9MicroBoard_SW201_LwIP_Apps_14_4_01\xps\SDK\SDK_Export\hw\imgs\microblaze_0_bram_block.jpg" SVGNAME="C:\Projects\DRC_Dev\AvtS6LX9MicroBoard_SW201_LwIP_Apps_14_4_01\xps\SDK\SDK_Export\hw\imgs\microblaze_0_bram_block.svg" TMPSVGFN="C:\Projects\DRC_Dev\AvtS6LX9MicroBoard_SW201_LwIP_Apps_14_4_01\xps\__xps\.dswkshop\microblaze_0_bram_block.svg"/>

  <RENDERIMG RASNAME="C:\Projects\DRC_Dev\AvtS6LX9MicroBoard_SW201_LwIP_Apps_14_4_01\xps\SDK\SDK_Export\hw\imgs\microblaze_0.jpg" SVGNAME="C:\Projects\DRC_Dev\AvtS6LX9MicroBoard_SW201_LwIP_Apps_14_4_01\xps\SDK\SDK_Export\hw\imgs\microblaze_0.svg" TMPSVGFN="C:\Projects\DRC_Dev\AvtS6LX9MicroBoard_SW201_LwIP_Apps_14_4_01\xps\__xps\.dswkshop\microblaze_0.svg"/>

  <RENDERIMG RASNAME="C:\Projects\DRC_Dev\AvtS6LX9MicroBoard_SW201_LwIP_Apps_14_4_01\xps\SDK\SDK_Export\hw\imgs\debug_module.jpg" SVGNAME="C:\Projects\DRC_Dev\AvtS6LX9MicroBoard_SW201_LwIP_Apps_14_4_01\xps\SDK\SDK_Export\hw\imgs\debug_module.svg" TMPSVGFN="C:\Projects\DRC_Dev\AvtS6LX9MicroBoard_SW201_LwIP_Apps_14_4_01\xps\__xps\.dswkshop\debug_module.svg"/>

  <RENDERIMG RASNAME="C:\Projects\DRC_Dev\AvtS6LX9MicroBoard_SW201_LwIP_Apps_14_4_01\xps\SDK\SDK_Export\hw\imgs\clock_generator_0.jpg" SVGNAME="C:\Projects\DRC_Dev\AvtS6LX9MicroBoard_SW201_LwIP_Apps_14_4_01\xps\SDK\SDK_Export\hw\imgs\clock_generator_0.svg" TMPSVGFN="C:\Projects\DRC_Dev\AvtS6LX9MicroBoard_SW201_LwIP_Apps_14_4_01\xps\__xps\.dswkshop\clock_generator_0.svg"/>

  <RENDERIMG RASNAME="C:\Projects\DRC_Dev\AvtS6LX9MicroBoard_SW201_LwIP_Apps_14_4_01\xps\SDK\SDK_Export\hw\imgs\axi_timer_0.jpg" SVGNAME="C:\Projects\DRC_Dev\AvtS6LX9MicroBoard_SW201_LwIP_Apps_14_4_01\xps\SDK\SDK_Export\hw\imgs\axi_timer_0.svg" TMPSVGFN="C:\Projects\DRC_Dev\AvtS6LX9MicroBoard_SW201_LwIP_Apps_14_4_01\xps\__xps\.dswkshop\axi_timer_0.svg"/>

  <RENDERIMG RASNAME="C:\Projects\DRC_Dev\AvtS6LX9MicroBoard_SW201_LwIP_Apps_14_4_01\xps\SDK\SDK_Export\hw\imgs\axi4lite_0.jpg" SVGNAME="C:\Projects\DRC_Dev\AvtS6LX9MicroBoard_SW201_LwIP_Apps_14_4_01\xps\SDK\SDK_Export\hw\imgs\axi4lite_0.svg" TMPSVGFN="C:\Projects\DRC_Dev\AvtS6LX9MicroBoard_SW201_LwIP_Apps_14_4_01\xps\__xps\.dswkshop\axi4lite_0.svg"/>

  <RENDERIMG RASNAME="C:\Projects\DRC_Dev\AvtS6LX9MicroBoard_SW201_LwIP_Apps_14_4_01\xps\SDK\SDK_Export\hw\imgs\axi4_0.jpg" SVGNAME="C:\Projects\DRC_Dev\AvtS6LX9MicroBoard_SW201_LwIP_Apps_14_4_01\xps\SDK\SDK_Export\hw\imgs\axi4_0.svg" TMPSVGFN="C:\Projects\DRC_Dev\AvtS6LX9MicroBoard_SW201_LwIP_Apps_14_4_01\xps\__xps\.dswkshop\axi4_0.svg"/>

  <RENDERIMG RASNAME="C:\Projects\DRC_Dev\AvtS6LX9MicroBoard_SW201_LwIP_Apps_14_4_01\xps\SDK\SDK_Export\hw\imgs\USB_Uart.jpg" SVGNAME="C:\Projects\DRC_Dev\AvtS6LX9MicroBoard_SW201_LwIP_Apps_14_4_01\xps\SDK\SDK_Export\hw\imgs\USB_Uart.svg" TMPSVGFN="C:\Projects\DRC_Dev\AvtS6LX9MicroBoard_SW201_LwIP_Apps_14_4_01\xps\__xps\.dswkshop\USB_Uart.svg"/>

  <RENDERIMG RASNAME="C:\Projects\DRC_Dev\AvtS6LX9MicroBoard_SW201_LwIP_Apps_14_4_01\xps\SDK\SDK_Export\hw\imgs\MCB3_LPDDR.jpg" SVGNAME="C:\Projects\DRC_Dev\AvtS6LX9MicroBoard_SW201_LwIP_Apps_14_4_01\xps\SDK\SDK_Export\hw\imgs\MCB3_LPDDR.svg" TMPSVGFN="C:\Projects\DRC_Dev\AvtS6LX9MicroBoard_SW201_LwIP_Apps_14_4_01\xps\__xps\.dswkshop\MCB3_LPDDR.svg"/>

  <RENDERIMG RASNAME="C:\Projects\DRC_Dev\AvtS6LX9MicroBoard_SW201_LwIP_Apps_14_4_01\xps\SDK\SDK_Export\hw\imgs\LEDs_4Bits.jpg" SVGNAME="C:\Projects\DRC_Dev\AvtS6LX9MicroBoard_SW201_LwIP_Apps_14_4_01\xps\SDK\SDK_Export\hw\imgs\LEDs_4Bits.svg" TMPSVGFN="C:\Projects\DRC_Dev\AvtS6LX9MicroBoard_SW201_LwIP_Apps_14_4_01\xps\__xps\.dswkshop\LEDs_4Bits.svg"/>

  <RENDERIMG RASNAME="C:\Projects\DRC_Dev\AvtS6LX9MicroBoard_SW201_LwIP_Apps_14_4_01\xps\SDK\SDK_Export\hw\imgs\Ethernet_MAC.jpg" SVGNAME="C:\Projects\DRC_Dev\AvtS6LX9MicroBoard_SW201_LwIP_Apps_14_4_01\xps\SDK\SDK_Export\hw\imgs\Ethernet_MAC.svg" TMPSVGFN="C:\Projects\DRC_Dev\AvtS6LX9MicroBoard_SW201_LwIP_Apps_14_4_01\xps\__xps\.dswkshop\Ethernet_MAC.svg"/>

  <RENDERIMG RASNAME="C:\Projects\DRC_Dev\AvtS6LX9MicroBoard_SW201_LwIP_Apps_14_4_01\xps\SDK\SDK_Export\hw\imgs\DIP_Switches_4Bits.jpg" SVGNAME="C:\Projects\DRC_Dev\AvtS6LX9MicroBoard_SW201_LwIP_Apps_14_4_01\xps\SDK\SDK_Export\hw\imgs\DIP_Switches_4Bits.svg" TMPSVGFN="C:\Projects\DRC_Dev\AvtS6LX9MicroBoard_SW201_LwIP_Apps_14_4_01\xps\__xps\.dswkshop\DIP_Switches_4Bits.svg"/>

  <RENDERIMG RASNAME="C:\Projects\DRC_Dev\AvtS6LX9MicroBoard_SW201_LwIP_Apps_14_4_01\xps\SDK\SDK_Export\hw\imgs\system_blkd.jpg" SVGNAME="C:\Projects\DRC_Dev\AvtS6LX9MicroBoard_SW201_LwIP_Apps_14_4_01\xps\SDK\SDK_Export\hw\imgs\system_blkd.svg" TMPSVGFN="C:\Projects\DRC_Dev\AvtS6LX9MicroBoard_SW201_LwIP_Apps_14_4_01\xps\__xps\.dswkshop\system_blkd.svg"/>

</RENDERBATCH>